,District_1,District_2
0,kinnaur/Q1862950,kullu/Q2980880
1,kinnaur/Q1862950,lahaul_and_spiti/Q837595
2,kinnaur/Q1862950,uttarkashi/Q1773437
3,kinnaur/Q1862950,shimla/Q1921404
4,kullu/Q2980880,shimla/Q1921404
5,kullu/Q2980880,kangra/Q727232
6,kullu/Q2980880,mandi/Q1892161
7,chamba/Q1060614,lahaul_and_spiti/Q837595
8,chamba/Q1060614,kishtwar/Q2321899
9,chamba/Q1060614,pathankot/Q172269
10,chamba/Q1060614,doda/Q2298979
11,chamba/Q1060614,kathua/Q2375700
12,kangra/Q727232,hoshiarpur/Q304800
13,kangra/Q727232,una/Q2301741
14,kangra/Q727232,gurdaspur/Q146708
15,kangra/Q727232,hamirpur/Q2086180
16,kishtwar/Q2321899,anantnag/Q2982349
17,kishtwar/Q2321899,kargil/Q1650798
18,shimla/Q1921404,uttarkashi/Q1773437
19,shimla/Q1921404,sirmaur/Q654331
20,shimla/Q1921404,dehradun/Q1815740
21,shimla/Q1921404,solan/Q2980937
22,uttarkashi/Q1773437,tehri_garhwal/Q1357107
23,uttarkashi/Q1773437,chamoli/Q1797372
24,uttarkashi/Q1773437,rudraprayag/Q1805059
25,mandi/Q1892161,solan/Q2980937
26,mandi/Q1892161,bilaspur/Q1478939
27,kathua/Q2375700,udhampur/Q1947311
28,kathua/Q2375700,samba/Q1117086
29,pathankot/Q172269,gurdaspur/Q146708
30,doda/Q2298979,anantnag/Q2982349
31,doda/Q2298979,ramban/Q2321939
32,una/Q2301741,rupnagar/Q196508
33,hamirpur/Q2086180,bilaspur/Q1478939
34,gurdaspur/Q146708,kapurthala/Q172363
35,gurdaspur/Q146708,amritsar/Q202822
36,hoshiarpur/Q304800,kapurthala/Q172363
37,hoshiarpur/Q304800,jalandhar/Q1817425
38,hoshiarpur/Q304800,shahid_bhagat_singh_nagar/Q202710
39,bilaspur/Q1478939,rupnagar/Q196508
40,rupnagar/Q196508,solan/Q2980937
41,rupnagar/Q196508,fatehgarh_sahib/Q172485
42,rupnagar/Q196508,s.a.s._nagar/Q2037672
43,rupnagar/Q196508,ludhiana/Q172482
44,solan/Q2980937,panchkula/Q1898143
45,sirmaur/Q654331,ambala/Q2086226
46,sirmaur/Q654331,saharanpur/Q1797326
47,sirmaur/Q654331,yamunanagar/Q1873644
48,panchkula/Q1898143,ambala/Q2086226
49,panchkula/Q1898143,chandigarh/Q5071071
50,dehradun/Q1815740,haridwar/Q2270438
51,dehradun/Q1815740,pauri_garhwal/Q2085474
52,ambala/Q2086226,patiala/Q172391
53,ambala/Q2086226,kurukshetra/Q980118
54,saharanpur/Q1797326,haridwar/Q2270438
55,saharanpur/Q1797326,karnal/Q607915
56,saharanpur/Q1797326,muzaffarnagar/Q2365710
57,saharanpur/Q1797326,shamli/Q2999938
58,yamunanagar/Q1873644,karnal/Q607915
59,chamoli/Q1797372,bageshwar/Q1815313
60,chamoli/Q1797372,almora/Q1805066
61,chamoli/Q1797372,pithoragarh/Q1945425
62,rudraprayag/Q1805059,pauri_garhwal/Q2085474
63,tehri_garhwal/Q1357107,pauri_garhwal/Q2085474
64,pithoragarh/Q1945425,bageshwar/Q1815313
65,pithoragarh/Q1945425,champawat/Q288278
66,bageshwar/Q1815313,almora/Q1805066
67,almora/Q1805066,nainital/Q1797306
68,pauri_garhwal/Q2085474,haridwar/Q2270438
69,pauri_garhwal/Q2085474,bijnor/Q1937865
70,champawat/Q288278,udham_singh_nagar/Q1805082
71,nainital/Q1797306,bijnor/Q1937865
72,udham_singh_nagar/Q1805082,bijnor/Q1937865
73,udham_singh_nagar/Q1805082,pilibhit/Q2980705
74,udham_singh_nagar/Q1805082,rampur/Q1815331
75,udham_singh_nagar/Q1805082,bareilly/Q1797378
76,udham_singh_nagar/Q1805082,moradabad/Q1345006
77,bijnor/Q1937865,haridwar/Q2270438
78,bijnor/Q1937865,jyotiba_phule_nagar/Q1891677
79,bijnor/Q1937865,meerut/Q1764627
80,bareilly/Q1797378,pilibhit/Q2980705
81,bareilly/Q1797378,shahjahanpur/Q1812557
82,bareilly/Q1797378,budaun/Q1815262
83,moradabad/Q1345006,sambhal/Q3000436
84,rampur/Q1815331,budaun/Q1815262
85,pilibhit/Q2980705,kheri/Q1755447
86,haridwar/Q2270438,muzaffarnagar/Q2365710
87,muzaffarnagar/Q2365710,shamli/Q2999938
88,muzaffarnagar/Q2365710,baghpat/Q1797363
89,malappuram/Q1030918,thrissur/Q2429655
90,malappuram/Q1030918,kozhikode/Q1142979
91,malappuram/Q1030918,wayanad/Q1364427
92,malappuram/Q1030918,nilgiris/Q15188
93,malappuram/Q1030918,palakkad/Q1535742
94,wayanad/Q1364427,kodagu/Q1553185
95,wayanad/Q1364427,mysuru/Q591781
96,wayanad/Q1364427,kannur/Q2980652
97,wayanad/Q1364427,chamarajanagara/Q862912
98,jalpaiguri/Q1351487,darjeeling/Q1134759
99,jalpaiguri/Q1351487,kalimpong/Q28769140
100,jalpaiguri/Q1351487,alipurduar/Q4726845
101,jalpaiguri/Q1351487,cooch_behar/Q2728658
102,darjeeling/Q1134759,uttar_dinajpur/Q2019766
103,darjeeling/Q1134759,south_sikkim_district/Q1805051
104,darjeeling/Q1134759,west_sikkim_district/Q611357
105,darjeeling/Q1134759,kishanganj/Q77375
106,alipurduar/Q4726845,cooch_behar/Q2728658
107,alipurduar/Q4726845,kokrajhar/Q42618
108,kalimpong/Q28769140,south_sikkim_district/Q1805051
109,kalimpong/Q28769140,east_sikkim_district/Q1772832
110,madhubani/Q77474,saharsa/Q100120
111,madhubani/Q77474,sitamarhi/Q100144
112,madhubani/Q77474,supaul/Q100139
113,madhubani/Q77474,darbhanga/Q49160
114,saharsa/Q100120,khagaria/Q49175
115,saharsa/Q100120,samastipur/Q100117
116,saharsa/Q100120,madhepura/Q77746
117,darbhanga/Q49160,muzaffarpur/Q77731
118,supaul/Q100139,madhepura/Q77746
119,supaul/Q100139,araria/Q42901
120,sitamarhi/Q100144,sheohar/Q100095
121,sitamarhi/Q100144,east_champaran/Q49159
122,madhepura/Q77746,khagaria/Q49175
123,madhepura/Q77746,bhagalpur/Q49155
124,madhepura/Q77746,purnia/Q100082
125,khagaria/Q49175,munger/Q77452
126,khagaria/Q49175,begusarai/Q49157
127,samastipur/Q100117,muzaffarpur/Q77731
128,samastipur/Q100117,vaishali/Q100130
129,samastipur/Q100117,patna/Q100077
130,muzaffarpur/Q77731,sheohar/Q100095
131,muzaffarpur/Q77731,gopalganj/Q49171
132,muzaffarpur/Q77731,saran/Q100146
133,araria/Q42901,purnia/Q100082
134,sheohar/Q100095,east_champaran/Q49159
135,gopalganj/Q49171,west_champaran/Q100124
136,gopalganj/Q49171,deoria/Q731746
137,gopalganj/Q49171,kushinagar/Q825673
138,gopalganj/Q49171,siwan/Q100131
139,anantnag/Q2982349,ramban/Q2321939
140,anantnag/Q2982349,ganderbal/Q2556028
141,anantnag/Q2982349,shopiyan/Q2073646
142,anantnag/Q2982349,pulwama/Q2085364
143,anantnag/Q2982349,kulgam/Q2321867
144,anantnag/Q2982349,srinagar/Q1506029
145,bandipora/Q2983553,kupwara/Q2297306
146,bandipora/Q2983553,baramulla/Q1912057
147,ganderbal/Q2556028,srinagar/Q1506029
148,kokrajhar/Q42618,dhubri/Q42485
149,kokrajhar/Q42618,bongaigaon/Q42197
150,kokrajhar/Q42618,chirang/Q2574898
151,dhubri/Q42485,cooch_behar/Q2728658
152,dhubri/Q42485,goalpara/Q42522
153,dhubri/Q42485,south_salmara-mankachar/Q24907599
154,bongaigaon/Q42197,barpeta/Q41249
155,chirang/Q2574898,baksa/Q2360266
156,dakshin_dinajpur/Q533839,malda/Q2049820
157,uttar_dinajpur/Q2019766,malda/Q2049820
158,uttar_dinajpur/Q2019766,katihar/Q77568
159,kishanganj/Q77375,purnia/Q100082
160,south_sikkim_district/Q1805051,north_sikkim_district/Q1784149
161,west_sikkim_district/Q611357,north_sikkim_district/Q1784149
162,purnia/Q100082,katihar/Q77568
163,katihar/Q77568,malda/Q2049820
164,katihar/Q77568,sahibganj/Q767878
165,east_sikkim_district/Q1772832,north_sikkim_district/Q1784149
166,barpeta/Q41249,baksa/Q2360266
167,barpeta/Q41249,ballari/Q42779
168,barpeta/Q41249,kamrup/Q2247441
169,goalpara/Q42522,west_garo_hills/Q2329181
170,goalpara/Q42522,north_garo_hills/Q7055466
171,kamrup/Q2247441,kamrup_metropolitan/Q2464674
172,kamrup/Q2247441,darrang/Q42461
173,kamrup/Q2247441,west_khasi_hills/Q2064752
174,kamrup/Q2247441,ri bhoi/Q1884672
175,baksa/Q2360266,ballari/Q42779
176,baksa/Q2360266,udalguri/Q321998
177,darrang/Q42461,kamrup_metropolitan/Q2464674
178,darrang/Q42461,marigaon/Q42737
179,darrang/Q42461,sonitpur/Q42765
180,marigaon/Q42737,kamrup_metropolitan/Q2464674
181,marigaon/Q42737,west_karbi_anglong/Q24949218
182,marigaon/Q42737,nagaon/Q42686
183,sonitpur/Q42765,pakke_kessang/None
184,sonitpur/Q42765,west_kameng/Q15459
185,sonitpur/Q42765,bishwanath/Q28110722
186,udalguri/Q321998,west_kameng/Q15459
187,kamrup_metropolitan/Q2464674,ri bhoi/Q1884672
188,west_khasi_hills/Q2064752,north_garo_hills/Q7055466
189,west_khasi_hills/Q2064752,south_west_khasi_hills/Q15923741
190,west_khasi_hills/Q2064752,east_garo_hills/Q2085455
191,west_khasi_hills/Q2064752,east_khasi_hills/Q1945304
192,west_khasi_hills/Q2064752,south_garo_hills/Q2329228
193,north_garo_hills/Q7055466,west_garo_hills/Q2329181
194,murshidabad/Q1546240,malda/Q2049820
195,murshidabad/Q1546240,birbhum/Q2088440
196,murshidabad/Q1546240,purba_bardhaman/Q808023
197,murshidabad/Q1546240,pakur/Q2295930
198,murshidabad/Q1546240,nadia/Q1143880
199,sahibganj/Q767878,malda/Q2049820
200,sahibganj/Q767878,godda/Q638980
201,bhagalpur/Q49155,godda/Q638980
202,bhagalpur/Q49155,banka/Q43097
203,barmer/Q42016,pali/Q46925
204,barmer/Q42016,jaisalmer/Q1419708
205,barmer/Q42016,jodhpur/Q1434965
206,barmer/Q42016,kutch/Q1063417
207,barmer/Q42016,jalore/Q1460832
208,jodhpur/Q1434965,pali/Q46925
209,jodhpur/Q1434965,nagaur/Q1507174
210,jodhpur/Q1434965,bikaner/Q778996
211,pali/Q46925,rajsamand/Q596693
212,pali/Q46925,udaipur/Q1321577
213,pali/Q46925,ajmer/Q413037
214,pali/Q46925,sirohi/Q205719
215,jaisalmer/Q1419708,bikaner/Q778996
216,sirohi/Q205719,banaskantha/Q806125
217,sirohi/Q205719,sabarkantha/Q1772856
218,bikaner/Q778996,churu/Q1090006
219,bikaner/Q778996,ganganagar/Q1419696
220,bikaner/Q778996,hanumangarh/Q1356112
221,nagaur/Q1507174,churu/Q1090006
222,nagaur/Q1507174,jaipur/Q1134781
223,nagaur/Q1507174,sikar/Q12945777
224,ajmer/Q413037,rajsamand/Q596693
225,ajmer/Q413037,bhilwara/Q41991
226,ajmer/Q413037,tonk/Q915880
227,rajsamand/Q596693,chittorgarh/Q1075011
228,udaipur/Q1321577,chittorgarh/Q1075011
229,udaipur/Q1321577,dungarpur/Q1265687
230,udaipur/Q1321577,pratapgarh/Q1585433
231,udaipur/Q1321577,aravalli/Q12175285
232,unnao/Q1937875,lucknow/Q1773416
233,unnao/Q1937875,kanpur_nagar/Q2089152
234,unnao/Q1937875,rae_bareli/Q1321157
235,unnao/Q1937875,fatehpur/Q1946829
236,unnao/Q1937875,hardoi/Q1772822
237,hardoi/Q1772822,lucknow/Q1773416
238,hardoi/Q1772822,sitapur/Q1812539
239,hardoi/Q1772822,farrukhabad/Q1897251
240,hardoi/Q1772822,kannauj/Q627979
241,lucknow/Q1773416,rae_bareli/Q1321157
242,lucknow/Q1773416,barabanki/Q633114
243,kanpur_nagar/Q2089152,hamirpur/Q2019757
244,kanpur_nagar/Q2089152,kanpur_dehat/Q610612
245,fatehpur/Q1946829,hamirpur/Q2019757
246,fatehpur/Q1946829,pratapgarh/Q1473962
247,fatehpur/Q1946829,banda/Q2131759
248,fatehpur/Q1946829,kaushambi/Q1946937
249,fatehpur/Q1946829,chitrakoot/Q2089141
250,thiruvananthapuram/Q162612,kollam/Q1356124
251,thiruvananthapuram/Q162612,kanyakumari/Q15158
252,thiruvananthapuram/Q162612,tirunelveli/Q15200
253,idukki/Q301821,ernakulam/Q1356097
254,idukki/Q301821,virudhunagar/Q15209
255,idukki/Q301821,kottayam/Q1353354
256,idukki/Q301821,theni/Q15196
257,idukki/Q301821,dindigul/Q15154
258,idukki/Q301821,tiruppur/Q15202
259,idukki/Q301821,coimbatore/Q15136
260,idukki/Q301821,pathanamthitta/Q634935
261,kollam/Q1356124,pathanamthitta/Q634935
262,kollam/Q1356124,alappuzha/Q928959
263,tiruppur/Q15202,erode/Q15155
264,tiruppur/Q15202,karur/Q15182
265,ernakulam/Q1356097,thrissur/Q2429655
266,kottayam/Q1353354,pathanamthitta/Q634935
267,thrissur/Q2429655,palakkad/Q1535742
268,kallakurichi/Q60493360,perambalur/Q15186
269,kallakurichi/Q60493360,tiruvannamalai/Q15207
270,kallakurichi/Q60493360,viluppuram/Q15205
271,kallakurichi/Q60493360,salem/Q15192
272,kallakurichi/Q60493360,cuddalore/Q15150
273,kallakurichi/Q60493360,dharmapuri/Q15152
274,krishnagiri/Q15183,bengaluru_urban/Q806463
275,krishnagiri/Q15183,kolar/Q2509866
276,krishnagiri/Q15183,ramanagara/Q427679
277,krishnagiri/Q15183,bengaluru_rural/Q806464
278,krishnagiri/Q15183,vellore/Q15206
279,krishnagiri/Q15183,chittoor/Q15213
280,karaikal/Q639264,nagapattinam/Q15185
281,karaikal/Q639264,thiruvarur/Q15197
282,chittoor/Q15213,y.s.r._kadapa/Q15342
283,chittoor/Q15213,s.p.s._nellore/Q15383
284,chittoor/Q15213,chikkaballapura/Q1072629
285,chittoor/Q15213,anantapur/Q15212
286,chittoor/Q15213,thiruvallur/Q15204
287,shahdara/Q83486,delhi/Q549852
288,shahdara/Q83486,ghaziabad/Q1773444
289,gautam_buddha_nagar/Q1785950,delhi/Q549852
290,gautam_buddha_nagar/Q1785950,bulandshahr/Q1752328
291,gautam_buddha_nagar/Q1785950,hapur/Q5653340
292,gautam_buddha_nagar/Q1785950,faridabad/Q2086173
293,gautam_buddha_nagar/Q1785950,aligarh/Q766918
294,gautam_buddha_nagar/Q1785950,palwal/Q2724926
295,ghaziabad/Q1773444,delhi/Q549852
296,sonipat/Q2241746,panipat/Q2086163
297,sonipat/Q2241746,jind/Q268605
298,sonipat/Q2241746,rohtak/Q967388
299,sonipat/Q2241746,jhajjar/Q1948260
300,baghpat/Q1797363,panipat/Q2086163
301,jhajjar/Q1948260,charkhi_dadri/Q28172110
302,jhajjar/Q1948260,gurugram/Q1815766
303,jhajjar/Q1948260,mahendragarh/Q684019
304,jhajjar/Q1948260,rewari/Q2301759
305,gurugram/Q1815766,delhi/Q549852
306,gurugram/Q1815766,nuh/Q2216696
307,faridabad/Q2086173,delhi/Q549852
308,kurukshetra/Q980118,karnal/Q607915
309,kurukshetra/Q980118,kaithal/Q614037
310,patiala/Q172391,sangrur/Q1945515
311,chandigarh/Q5071071,s.a.s._nagar/Q2037672
312,karnal/Q607915,panipat/Q2086163
313,kaithal/Q614037,jind/Q268605
314,panipat/Q2086163,shamli/Q2999938
315,jind/Q268605,sangrur/Q1945515
316,jind/Q268605,fatehabad/Q2301753
317,jind/Q268605,hisar/Q1815773
318,rohtak/Q967388,charkhi_dadri/Q28172110
319,rohtak/Q967388,bhiwani/Q1852857
320,hisar/Q1815773,fatehabad/Q2301753
321,fatehabad/Q2301753,sirsa/Q526101
322,fatehabad/Q2301753,mansa/Q172387
323,sangrur/Q1945515,mansa/Q172387
324,sangrur/Q1945515,barnala/Q2353293
325,hanumangarh/Q1356112,sirsa/Q526101
326,hanumangarh/Q1356112,fazilka/Q188702
327,hanumangarh/Q1356112,sri_muktsar_sahib/Q1947359
328,sirsa/Q526101,bathinda/Q172488
329,mansa/Q172387,bathinda/Q172488
330,bathinda/Q172488,moga/Q1946896
331,bathinda/Q172488,faridkot/Q172494
332,charkhi_dadri/Q28172110,mahendragarh/Q684019
333,mahendragarh/Q684019,jaipur/Q1134781
334,mahendragarh/Q684019,jhunjhunu/Q1471427
335,mahendragarh/Q684019,alwar/Q449690
336,rewari/Q2301759,nuh/Q2216696
337,churu/Q1090006,jhunjhunu/Q1471427
338,sikar/Q12945777,jaipur/Q1134781
339,alwar/Q449690,jaipur/Q1134781
340,alwar/Q449690,dausa/Q1173042
341,alwar/Q449690,bharatpur/Q854861
342,jaipur/Q1134781,dausa/Q1173042
343,nuh/Q2216696,mathura/Q1773422
344,palwal/Q2724926,aligarh/Q766918
345,udhampur/Q1947311,reasi/Q2321956
346,udhampur/Q1947311,jammu/Q1947371
347,jammu/Q1947371,reasi/Q2321956
348,jammu/Q1947371,rajouri/Q544279
349,reasi/Q2321956,punch/Q2983134
350,ramban/Q2321939,kulgam/Q2321867
351,punch/Q2983134,baramulla/Q1912057
352,punch/Q2983134,budgam/Q2594218
353,kulgam/Q2321867,shopiyan/Q2073646
354,pulwama/Q2085364,shopiyan/Q2073646
355,srinagar/Q1506029,baramulla/Q1912057
356,kupwara/Q2297306,baramulla/Q1912057
357,ludhiana/Q172482,jalandhar/Q1817425
358,moga/Q1946896,jalandhar/Q1817425
359,moga/Q1946896,ferozepur/Q172385
360,jalandhar/Q1817425,kapurthala/Q172363
361,faridkot/Q172494,sri_muktsar_sahib/Q1947359
362,fazilka/Q188702,sri_muktsar_sahib/Q1947359
363,kapurthala/Q172363,amritsar/Q202822
364,kapurthala/Q172363,tarn_taran/Q2298993
365,tarn_taran/Q2298993,ferozepur/Q172385
366,tonk/Q915880,bundi/Q670405
367,tonk/Q915880,sawai_madhopur/Q1507166
368,bhilwara/Q41991,chittorgarh/Q1075011
369,bhilwara/Q41991,neemuch/Q2341713
370,bharatpur/Q854861,agra/Q606343
371,bharatpur/Q854861,dholpur/Q1207709
372,bharatpur/Q854861,karauli/Q1419668
373,dausa/Q1173042,sawai_madhopur/Q1507166
374,karauli/Q1419668,dholpur/Q1207709
375,karauli/Q1419668,sheopur/Q620105
376,karauli/Q1419668,morena/Q2341467
377,mathura/Q1773422,agra/Q606343
378,mathura/Q1773422,hathras/Q1814892
379,agra/Q606343,etawah/Q1815288
380,agra/Q606343,bhind/Q2341700
381,agra/Q606343,etah/Q1773429
382,agra/Q606343,firozabad/Q1946950
383,sawai_madhopur/Q1507166,bundi/Q670405
384,sawai_madhopur/Q1507166,kota/Q999432
385,morena/Q2341467,shivpuri/Q2299042
386,morena/Q2341467,gwalior/Q2085310
387,sheopur/Q620105,shivpuri/Q2299042
388,sheopur/Q620105,baran/Q2329717
389,kota/Q999432,chittorgarh/Q1075011
390,kota/Q999432,mandsaur/Q1870014
391,kota/Q999432,jhalawar/Q1471417
392,bundi/Q670405,chittorgarh/Q1075011
393,baran/Q2329717,shivpuri/Q2299042
394,baran/Q2329717,guna/Q930027
395,jhalawar/Q1471417,rajgarh/Q1833306
396,jhalawar/Q1471417,ratlam/Q2299164
397,jhalawar/Q1471417,agar_malwa/Q15732396
398,shivpuri/Q2299042,guna/Q930027
399,shivpuri/Q2299042,ashoknagar/Q2246416
400,shivpuri/Q2299042,jhansi/Q1937885
401,shivpuri/Q2299042,lalitpur/Q1947336
402,shivpuri/Q2299042,datia/Q2206266
403,guna/Q930027,vidisha/Q1815253
404,guna/Q930027,bhopal/Q1797245
405,mandsaur/Q1870014,chittorgarh/Q1075011
406,rajgarh/Q1833306,shajapur/Q2449803
407,rajgarh/Q1833306,sehore/Q2299029
408,ratlam/Q2299164,agar_malwa/Q15732396
409,ratlam/Q2299164,ujjain/Q892641
410,ratlam/Q2299164,jhabua/Q2085336
411,ratlam/Q2299164,banswara/Q806969
412,ratlam/Q2299164,dhar/Q2299069
413,agar_malwa/Q15732396,shajapur/Q2449803
414,chittorgarh/Q1075011,neemuch/Q2341713
415,neemuch/Q2341713,pratapgarh/Q1585433
416,pratapgarh/Q1585433,dungarpur/Q1265687
417,banswara/Q806969,dahod/Q186518
418,banswara/Q806969,mahisagar/Q5706885
419,dungarpur/Q1265687,mahisagar/Q5706885
420,jhabua/Q2085336,dahod/Q186518
421,jhabua/Q2085336,alirajpur/Q2667586
422,patan/Q1815269,surendranagar/Q237535
423,patan/Q1815269,mehsana/Q2019694
424,alirajpur/Q2667586,dahod/Q186518
425,alirajpur/Q2667586,barwani/Q2126754
426,alirajpur/Q2667586,nandurbar/Q1623525
427,alirajpur/Q2667586,chhota_udaipur/Q5979243
428,surat/Q1797317,narmada/Q1797230
429,surat/Q1797317,bharuch/Q854900
430,surat/Q1797317,tapi/Q670165
431,surat/Q1797317,navsari/Q1797349
432,dhule/Q1797383,nashik/Q1797269
433,dhule/Q1797383,jalgaon/Q1797291
434,dhule/Q1797383,dang/Q1135616
435,nashik/Q1797269,navsari/Q1797349
436,nashik/Q1797269,valsad/Q1946743
437,nashik/Q1797269,konkan_division/Q6268840
438,nashik/Q1797269,ahmednagar/Q401744
439,nashik/Q1797269,palghar/Q18003119
440,nashik/Q1797269,aurangabad/Q592942
441,nashik/Q1797269,thane/Q943099
442,dadra_and_nagar_haveli/Q46107,palghar/Q18003119
443,valsad/Q1946743,konkan_division/Q6268840
444,valsad/Q1946743,daman/Q1158197
445,konkan_division/Q6268840,kolhapur/Q1797312
446,konkan_division/Q6268840,sindhudurg/Q768332
447,konkan_division/Q6268840,raigad/Q2019683
448,konkan_division/Q6268840,mumbai/Q2595374
449,konkan_division/Q6268840,belagavi/Q815464
450,konkan_division/Q6268840,pune/Q1797336
451,konkan_division/Q6268840,north_goa/Q108234
452,konkan_division/Q6268840,satara/Q1135612
453,konkan_division/Q6268840,ratnagiri/Q1771768
454,konkan_division/Q6268840,sangli/Q1425060
455,palghar/Q18003119,thane/Q943099
456,rajkot/Q1815245,porbandar/Q1772815
457,rajkot/Q1815245,amreli/Q257946
458,rajkot/Q1815245,junagadh/Q1797344
459,rajkot/Q1815245,botad/Q14505072
460,rajkot/Q1815245,morbi/Q5979727
461,rajkot/Q1815245,jamnagar/Q2982118
462,meerut/Q1764627,hapur/Q5653340
463,jyotiba_phule_nagar/Q1891677,sambhal/Q3000436
464,hapur/Q5653340,bulandshahr/Q1752328
465,aligarh/Q766918,sambhal/Q3000436
466,aligarh/Q766918,kasganj/Q890800
467,bulandshahr/Q1752328,sambhal/Q3000436
468,sambhal/Q3000436,budaun/Q1815262
469,hathras/Q1814892,kasganj/Q890800
470,budaun/Q1815262,kasganj/Q890800
471,kasganj/Q890800,etah/Q1773429
472,etah/Q1773429,mainpuri/Q1816657
473,shahjahanpur/Q1812557,kheri/Q1755447
474,firozabad/Q1946950,etawah/Q1815288
475,etawah/Q1815288,auraiya/Q1812533
476,etawah/Q1815288,jalaun/Q2089115
477,bhind/Q2341700,jhansi/Q1937885
478,farrukhabad/Q1897251,mainpuri/Q1816657
479,mainpuri/Q1816657,kannauj/Q627979
480,kannauj/Q627979,auraiya/Q1812533
481,kheri/Q1755447,bahraich/Q1812548
482,bahraich/Q1812548,shrawasti/Q1945458
483,bahraich/Q1812548,gonda/Q1937857
484,sitapur/Q1812539,barabanki/Q633114
485,barabanki/Q633114,rae_bareli/Q1321157
486,barabanki/Q633114,amethi/Q1071494
487,barabanki/Q633114,faizabad/Q1814132
488,gonda/Q1937857,shrawasti/Q1945458
489,gonda/Q1937857,balrampur/Q1948380
490,gonda/Q1937857,siddharthnagar/Q1815339
491,gonda/Q1937857,basti/Q715267
492,balrampur/Q1948380,shrawasti/Q1945458
493,basti/Q715267,siddharthnagar/Q1815339
494,basti/Q715267,sant_kabir_nagar/Q1945445
495,basti/Q715267,ambedkar_nagar/Q456764
496,gorakhpur/Q1144349,mau/Q1518847
497,gorakhpur/Q1144349,azamgarh/Q793553
498,gorakhpur/Q1144349,maharajganj/Q1356139
499,kushinagar/Q825673,west_champaran/Q100124
500,deoria/Q731746,mau/Q1518847
501,deoria/Q731746,ballia/Q584644
502,kanpur_dehat/Q610612,auraiya/Q1812533
503,hamirpur/Q2019757,mahoba/Q1815322
504,auraiya/Q1812533,jalaun/Q2089115
505,jalaun/Q2089115,jhansi/Q1937885
506,jhansi/Q1937885,mahoba/Q1815322
507,jhansi/Q1937885,tikamgarh/Q2449760
508,jhansi/Q1937885,chhatarpur/Q2449785
509,jhansi/Q1937885,niwari/Q63563797
510,lalitpur/Q1947336,ashoknagar/Q2246416
511,lalitpur/Q1947336,sagar/Q2085421
512,mahoba/Q1815322,banda/Q2131759
513,datia/Q2206266,gwalior/Q2085310
514,chhatarpur/Q2449785,damoh/Q2479331
515,chhatarpur/Q2449785,panna/Q2341630
516,tikamgarh/Q2449760,niwari/Q63563797
517,sagar/Q2085421,damoh/Q2479331
518,sagar/Q2085421,narsinghpur/Q2341616
519,sagar/Q2085421,raisen/Q1815223
520,faizabad/Q1814132,amethi/Q1071494
521,faizabad/Q1814132,sultanpur/Q1356154
522,amethi/Q1071494,pratapgarh/Q1473962
523,ambedkar_nagar/Q456764,azamgarh/Q793553
524,sultanpur/Q1356154,jaunpur/Q1356060
525,banda/Q2131759,satna/Q2577924
526,kaushambi/Q1946937,pratapgarh/Q1473962
527,kaushambi/Q1946937,prayagraj/Q1773426
528,pratapgarh/Q1473962,jaunpur/Q1356060
529,chitrakoot/Q2089141,prayagraj/Q1773426
530,chitrakoot/Q2089141,rewa/Q526862
531,prayagraj/Q1773426,jaunpur/Q1356060
532,prayagraj/Q1773426,mirzapur/Q1143894
533,prayagraj/Q1773426,sant_ravidas_nagar/Q127533
534,jaunpur/Q1356060,varanasi/Q1321140
535,jaunpur/Q1356060,ghazipur/Q1287993
536,mirzapur/Q1143894,varanasi/Q1321140
537,mirzapur/Q1143894,sonbhadra/Q607798
538,mirzapur/Q1143894,singrauli/Q2668638
539,mirzapur/Q1143894,chandauli/Q2733369
540,sant_ravidas_nagar/Q127533,varanasi/Q1321140
541,rewa/Q526862,singrauli/Q2668638
542,rewa/Q526862,sidhi/Q2449793
543,panna/Q2341630,damoh/Q2479331
544,panna/Q2341630,katni/Q746441
545,satna/Q2577924,umaria/Q620297
546,satna/Q2577924,shahdol/Q2085464
547,azamgarh/Q793553,mau/Q1518847
548,ghazipur/Q1287993,mau/Q1518847
549,ghazipur/Q1287993,buxar/Q49161
550,ghazipur/Q1287993,kaimur/Q77367
551,mau/Q1518847,ballia/Q584644
552,ballia/Q584644,buxar/Q49161
553,ballia/Q584644,bhojpur/Q49153
554,siwan/Q100131,saran/Q100146
555,saran/Q100146,vaishali/Q100130
556,bhojpur/Q49153,arwal/Q42917
557,bhojpur/Q49153,rohtas/Q100085
558,buxar/Q49161,kaimur/Q77367
559,chandauli/Q2733369,varanasi/Q1321140
560,sonbhadra/Q607798,garhwa/Q2302076
561,sonbhadra/Q607798,balrampur/Q16056268
562,singrauli/Q2668638,surajpur/Q16938031
563,singrauli/Q2668638,koriya/Q2295896
564,rohtas/Q100085,arwal/Q42917
565,rohtas/Q100085,palamu/Q1797254
566,rohtas/Q100085,aurangabad/Q43086
567,garhwa/Q2302076,palamu/Q1797254
568,garhwa/Q2302076,latehar/Q2244762
569,balrampur/Q16056268,gumla/Q2295865
570,balrampur/Q16056268,jashpur/Q2577551
571,balrampur/Q16056268,surguja/Q1805075
572,munger/Q77452,begusarai/Q49157
573,munger/Q77452,lakhisarai/Q77505
574,munger/Q77452,jamui/Q49168
575,godda/Q638980,dumka/Q2577657
576,banka/Q43097,deoghar/Q2030017
577,begusarai/Q49157,lakhisarai/Q77505
578,lakhisarai/Q77505,sheikhpura/Q100093
579,lakhisarai/Q77505,nalanda/Q77633
580,jamui/Q49168,sheikhpura/Q100093
581,jamui/Q49168,nawada/Q100067
582,jamui/Q49168,giridih/Q2302065
583,deoghar/Q2030017,dumka/Q2577657
584,deoghar/Q2030017,jamtara/Q2980986
585,giridih/Q2302065,nawada/Q100067
586,giridih/Q2302065,koderma/Q2085480
587,giridih/Q2302065,dhanbad/Q2240791
588,giridih/Q2302065,bokaro/Q2295925
589,giridih/Q2302065,hazaribagh/Q1945416
590,dumka/Q2577657,jamtara/Q2980986
591,jamtara/Q2980986,birbhum/Q2088440
592,jamtara/Q2980986,paschim_bardhaman/Q29215602
593,vaishali/Q100130,patna/Q100077
594,patna/Q100077,arwal/Q42917
595,patna/Q100077,jehanabad/Q49176
596,arwal/Q42917,aurangabad/Q43086
597,arwal/Q42917,gaya/Q49173
598,jehanabad/Q49176,nalanda/Q77633
599,nalanda/Q77633,sheikhpura/Q100093
600,aurangabad/Q43086,gaya/Q49173
601,palamu/Q1797254,gaya/Q49173
602,palamu/Q1797254,chatra/Q1979499
603,gaya/Q49173,nawada/Q100067
604,nawada/Q100067,sheikhpura/Q100093
605,chatra/Q1979499,latehar/Q2244762
606,chatra/Q1979499,ranchi/Q1947380
607,hazaribagh/Q1945416,koderma/Q2085480
608,hazaribagh/Q1945416,ramgarh/Q2663612
609,birbhum/Q2088440,purba_bardhaman/Q808023
610,purba_bardhaman/Q808023,bankura/Q2088458
611,purba_bardhaman/Q808023,hoogli/Q548518
612,paschim_bardhaman/Q29215602,dhanbad/Q2240791
613,paschim_bardhaman/Q29215602,purulia/Q307474
614,nadia/Q1143880,hoogli/Q548518
615,nadia/Q1143880,north_24_parganas/Q338425
616,north_24_parganas/Q338425,south_24_parganas/Q2308319
617,north_24_parganas/Q338425,kolkata/Q1348
618,north_24_parganas/Q338425,howrah/Q1478937
619,bankura/Q2088458,jhargram/Q29168456
620,bankura/Q2088458,paschim_medinipur/Q1855537
621,paschim_medinipur/Q1855537,balasore/Q2022279
622,paschim_medinipur/Q1855537,purba_medinipur/Q1431920
623,howrah/Q1478937,purba_medinipur/Q1431920
624,jhargram/Q29168456,balasore/Q2022279
625,jhargram/Q29168456,east_singhbhum/Q2452921
626,jhargram/Q29168456,mayurbhanj/Q1914546
627,ranchi/Q1947380,gumla/Q2295865
628,ranchi/Q1947380,lohardaga/Q1948301
629,ranchi/Q1947380,khunti/Q367344
630,ranchi/Q1947380,saraikela-kharsawan/Q2362658
631,bokaro/Q2295925,dhanbad/Q2240791
632,dhanbad/Q2240791,purulia/Q307474
633,ramgarh/Q2663612,purulia/Q307474
634,purba_medinipur/Q1431920,south_24_parganas/Q2308319
635,latehar/Q2244762,gumla/Q2295865
636,gumla/Q2295865,jashpur/Q2577551
637,gumla/Q2295865,simdega/Q2597889
638,jashpur/Q2577551,raigarh/Q2286310
639,jashpur/Q2577551,sundargarh/Q2296047
640,khunti/Q367344,west_singhbhum/Q1950527
641,simdega/Q2597889,sundargarh/Q2296047
642,sundargarh/Q2296047,angul/Q1772807
643,sundargarh/Q2296047,sambalpur/Q1267306
644,sundargarh/Q2296047,deogarh/Q2269639
645,sundargarh/Q2296047,kendujhar/Q2085428
646,sundargarh/Q2296047,jharsuguda/Q569181
647,kendujhar/Q2085428,balasore/Q2022279
648,kendujhar/Q2085428,jajpur/Q2087771
649,kendujhar/Q2085428,dhenkanal/Q1948389
650,kendujhar/Q2085428,bhadrak/Q685638
651,mayurbhanj/Q1914546,saraikela-kharsawan/Q2362658
652,surguja/Q1805075,surajpur/Q16938031
653,surguja/Q1805075,korba/Q2299121
654,raigarh/Q2286310,jharsuguda/Q569181
655,raigarh/Q2286310,bargarh/Q808140
656,raigarh/Q2286310,baloda_bazar/Q15663455
657,raigarh/Q2286310,mahasamund/Q2450240
658,raigarh/Q2286310,janjgir champa/Q2575633
659,korba/Q2299121,surajpur/Q16938031
660,korba/Q2299121,bilaspur/Q100157
661,surajpur/Q16938031,koriya/Q2295896
662,bilaspur/Q100157,mungeli/Q13476249
663,bilaspur/Q100157,anuppur/Q2299093
664,koriya/Q2295896,anuppur/Q2299093
665,baloda_bazar/Q15663455,raipur/Q2295914
666,baloda_bazar/Q15663455,bametara/Q16254159
667,mungeli/Q13476249,kabeerdham/Q2450255
668,mungeli/Q13476249,dindori/Q2398551
669,anuppur/Q2299093,umaria/Q620297
670,sidhi/Q2449793,shahdol/Q2085464
671,shahdol/Q2085464,umaria/Q620297
672,mahasamund/Q2450240,nuapada/Q1810550
673,mahasamund/Q2450240,gariaband/Q16961365
674,bargarh/Q808140,nuapada/Q1810550
675,bargarh/Q808140,balangir/Q804642
676,bargarh/Q808140,subarnapur/Q1473957
677,jharsuguda/Q569181,sambalpur/Q1267306
678,raipur/Q2295914,dhamtari/Q100190
679,raipur/Q2295914,durg/Q100182
680,nuapada/Q1810550,kalahandi/Q1876588
681,gariaband/Q16961365,dhamtari/Q100190
682,gariaband/Q16961365,nabarangapur/Q2396798
683,durg/Q100182,dhamtari/Q100190
684,durg/Q100182,balod/Q16056266
685,durg/Q100182,rajnandgaon/Q2341800
686,dhamtari/Q100190,kondagaon/Q12420995
687,dhamtari/Q100190,uttar_bastar_kanker/Q2310530
688,rajnandgaon/Q2341800,kabeerdham/Q2450255
689,rajnandgaon/Q2341800,gadchiroli/Q1804847
690,rajnandgaon/Q2341800,gondia/Q1917227
691,rajnandgaon/Q2341800,balaghat/Q641904
692,balod/Q16056266,uttar_bastar_kanker/Q2310530
693,balaghat/Q641904,bhandara/Q1813857
694,balaghat/Q641904,seoni/Q2221184
695,balaghat/Q641904,mandla/Q2341670
696,balaghat/Q641904,nagpur/Q1797367
697,dindori/Q2398551,umaria/Q620297
698,dindori/Q2398551,jabalpur/Q632093
699,mandla/Q2341670,jabalpur/Q632093
700,uttar_bastar_kanker/Q2310530,kondagaon/Q12420995
701,uttar_bastar_kanker/Q2310530,narayanpur/Q2322000
702,gadchiroli/Q1804847,bhandara/Q1813857
703,gadchiroli/Q1804847,jayashankar_bhupalapally/Q28169775
704,gadchiroli/Q1804847,mancherial_district/Q28169747
705,gadchiroli/Q1804847,komram_bheem/Q28170184
706,gadchiroli/Q1804847,bijapur/Q100164
707,gadchiroli/Q1804847,chandrapur/Q1797274
708,bastar/Q100152,koraput/Q1947300
709,bastar/Q100152,malkangiri/Q5122619
710,bastar/Q100152,sukma/Q16933590
711,bastar/Q100152,dakshin_bastar_dantewada/Q100211
712,nabarangapur/Q2396798,koraput/Q1947300
713,koraput/Q1947300,kalahandi/Q1876588
714,koraput/Q1947300,vizianagaram/Q15392
715,koraput/Q1947300,visakhapatnam/Q15394
716,koraput/Q1947300,rayagada/Q2577997
717,malkangiri/Q5122619,east_godavari/Q15338
718,sukma/Q16933590,east_godavari/Q15338
719,sukma/Q16933590,bhadradri_kothagudem/Q28169767
720,kondagaon/Q12420995,dakshin_bastar_dantewada/Q100211
721,bijapur/Q100164,jayashankar_bhupalapally/Q28169775
722,bijapur/Q100164,mulugu/Q61746006
723,narayanpur/Q2322000,dakshin_bastar_dantewada/Q100211
724,bhopal/Q1797245,vidisha/Q1815253
725,vidisha/Q1815253,ashoknagar/Q2246416
726,damoh/Q2479331,jabalpur/Q632093
727,katni/Q746441,umaria/Q620297
728,umaria/Q620297,jabalpur/Q632093
729,sehore/Q2299029,harda/Q2173003
730,sehore/Q2299029,hoshangabad/Q620801
731,sehore/Q2299029,dewas/Q2025998
732,raisen/Q1815223,hoshangabad/Q620801
733,shajapur/Q2449803,ujjain/Q892641
734,dhar/Q2299069,khargone/Q2273900
735,dhar/Q2299069,indore/Q742938
736,ujjain/Q892641,dewas/Q2025998
737,dewas/Q2025998,khargone/Q2273900
738,dewas/Q2025998,khandwa/Q2085436
739,indore/Q742938,khargone/Q2273900
740,barwani/Q2126754,khargone/Q2273900
741,khargone/Q2273900,burhanpur/Q2125592
742,jalgaon/Q1797291,burhanpur/Q2125592
743,jalgaon/Q1797291,jalna/Q1804863
744,jalgaon/Q1797291,buldhana/Q47929
745,khandwa/Q2085436,harda/Q2173003
746,khandwa/Q2085436,betul/Q1815279
747,khandwa/Q2085436,amravati/Q1771774
748,harda/Q2173003,hoshangabad/Q620801
749,betul/Q1815279,hoshangabad/Q620801
750,betul/Q1815279,chhindwara/Q1986096
751,amravati/Q1771774,wardha/Q980608
752,amravati/Q1771774,akola/Q520510
753,amravati/Q1771774,washim/Q1804858
754,amravati/Q1771774,yavatmal/Q1804852
755,burhanpur/Q2125592,buldhana/Q47929
756,hoshangabad/Q620801,narsinghpur/Q2341616
757,chhindwara/Q1986096,narsinghpur/Q2341616
758,jabalpur/Q632093,narsinghpur/Q2341616
759,seoni/Q2221184,narsinghpur/Q2341616
760,nagpur/Q1797367,wardha/Q980608
761,bhandara/Q1813857,gondia/Q1917227
762,balangir/Q804642,kalahandi/Q1876588
763,balangir/Q804642,kandhamal/Q2085500
764,balangir/Q804642,boudh/Q2363639
765,sambalpur/Q1267306,angul/Q1772807
766,kalahandi/Q1876588,kandhamal/Q2085500
767,kandhamal/Q2085500,gajapati/Q1947292
768,kandhamal/Q2085500,ganjam/Q776213
769,kandhamal/Q2085500,nayagarh/Q2367388
770,nayagarh/Q2367388,angul/Q1772807
771,nayagarh/Q2367388,cuttack/Q2022256
772,nayagarh/Q2367388,khordha/Q662818
773,khordha/Q662818,cuttack/Q2022256
774,khordha/Q662818,puri/Q1817158
775,cuttack/Q2022256,angul/Q1772807
776,cuttack/Q2022256,kendrapara/Q2299172
777,cuttack/Q2022256,jagatsinghpur/Q971581
778,ganjam/Q776213,gajapati/Q1947292
779,ganjam/Q776213,srikakulam/Q15395
780,puri/Q1817158,jagatsinghpur/Q971581
781,dhenkanal/Q1948389,jajpur/Q2087771
782,kendrapara/Q2299172,jajpur/Q2087771
783,bhadrak/Q685638,jajpur/Q2087771
784,rayagada/Q2577997,gajapati/Q1947292
785,vizianagaram/Q15392,visakhapatnam/Q15394
786,visakhapatnam/Q15394,east_godavari/Q15338
787,east_godavari/Q15338,west_godavari/Q15404
788,gajapati/Q1947292,srikakulam/Q15395
789,ahmednagar/Q401744,pune/Q1797336
790,ahmednagar/Q401744,beed/Q814037
791,ahmednagar/Q401744,osmanabad/Q1647186
792,ahmednagar/Q401744,solapur/Q1797263
793,aurangabad/Q592942,jalna/Q1804863
794,thane/Q943099,raigad/Q2019683
795,solapur/Q1797263,kalaburagi/Q2641873
796,solapur/Q1797263,vijayapura/Q1722370
797,osmanabad/Q1647186,kalaburagi/Q2641873
798,osmanabad/Q1647186,latur/Q1948713
799,osmanabad/Q1647186,bidar/Q1790568
800,satara/Q1135612,raigad/Q2019683
801,raigad/Q2019683,pune/Q1797336
802,ratnagiri/Q1771768,kolhapur/Q1797312
803,kolhapur/Q1797312,sindhudurg/Q768332
804,sindhudurg/Q768332,belagavi/Q815464
805,chandrapur/Q1797274,wardha/Q980608
806,chandrapur/Q1797274,adilabad/Q15211
807,mancherial_district/Q28169747,peddapalli/Q27614797
808,mancherial_district/Q28169747,jagtial/Q28169780
809,mancherial_district/Q28169747,nirmal/Q28169750
810,komram_bheem/Q28170184,nirmal/Q28169750
811,jayashankar_bhupalapally/Q28169775,peddapalli/Q27614797
812,jayashankar_bhupalapally/Q28169775,warangal_rural/Q28169759
813,jayashankar_bhupalapally/Q28169775,warangal_urban/Q213077
814,jayashankar_bhupalapally/Q28169775,karimnagar/Q15373
815,wardha/Q980608,yavatmal/Q1804852
816,yavatmal/Q1804852,hingoli/Q2087615
817,yavatmal/Q1804852,nanded/Q692389
818,adilabad/Q15211,nanded/Q692389
819,washim/Q1804858,hingoli/Q2087615
820,washim/Q1804858,parbhani/Q1797389
821,nanded/Q692389,hingoli/Q2087615
822,nanded/Q692389,nizamabad/Q15391
823,nanded/Q692389,kamareddy/Q27956125
824,hingoli/Q2087615,parbhani/Q1797389
825,akola/Q520510,buldhana/Q47929
826,parbhani/Q1797389,jalna/Q1804863
827,buldhana/Q47929,jalna/Q1804863
828,latur/Q1948713,bidar/Q1790568
829,nizamabad/Q15391,jagtial/Q28169780
830,nizamabad/Q15391,rajanna_sircilla/Q28172781
831,nirmal/Q28169750,jagtial/Q28169780
832,kamareddy/Q27956125,sangareddy/Q28169753
833,kamareddy/Q27956125,medak/Q15386
834,kamareddy/Q27956125,siddipet/Q28169756
835,jalna/Q1804863,beed/Q814037
836,north_goa/Q108234,south_goa/Q108244
837,north_goa/Q108234,uttara_kannada/Q579205
838,south_goa/Q108244,uttara_kannada/Q579205
839,uttara_kannada/Q579205,shivamogga/Q2981389
840,uttara_kannada/Q579205,udupi/Q1483337
841,uttara_kannada/Q579205,dharwad/Q1790904
842,uttara_kannada/Q579205,haveri/Q765481
843,alappuzha/Q928959,pathanamthitta/Q634935
844,kozhikode/Q1142979,kannur/Q2980652
845,kozhikode/Q1142979,mahe_district/Q639279
846,kodagu/Q1553185,mysuru/Q591781
847,kodagu/Q1553185,kasaragod/Q1419703
848,kodagu/Q1553185,dakshina_kannada/Q950571
849,kodagu/Q1553185,hassan/Q956732
850,mahe_district/Q639279,kannur/Q2980652
851,dakshina_kannada/Q950571,kasaragod/Q1419703
852,dakshina_kannada/Q950571,chikkamagaluru/Q743077
853,bellary_district/Q1791926,raichur/Q1430830
854,bellary_district/Q1791926,gadag/Q2353931
855,bellary_district/Q1791926,kurnool/Q15381
856,bellary_district/Q1791926,koppal/Q956387
857,bellary_district/Q1791926,davanagere/Q1863214
858,bellary_district/Q1791926,chitradurga/Q165264
859,kurnool/Q15381,y.s.r._kadapa/Q15342
860,kurnool/Q15381,wanaparthy/Q28172504
861,kurnool/Q15381,prakasam/Q15390
862,kurnool/Q15381,jogulamba_gadwal/Q27897618
863,kurnool/Q15381,nagarkurnool/Q28169773
864,jogulamba_gadwal/Q27897618,wanaparthy/Q28172504
865,jogulamba_gadwal/Q27897618,narayanpet/Q61746013
866,narayanpet/Q61746013,kalaburagi/Q2641873
867,narayanpet/Q61746013,vikarabad/Q28170173
868,narayanpet/Q61746013,mahabubnagar/Q15380
869,narayanpet/Q61746013,yadagir/Q1786949
870,sangareddy/Q28169753,kalaburagi/Q2641873
871,sangareddy/Q28169753,medchal–malkajgiri/Q27614841
872,sangareddy/Q28169753,rangareddy/Q15388
873,vikarabad/Q28170173,kalaburagi/Q2641873
874,west_godavari/Q15404,bhadradri_kothagudem/Q28169767
875,west_godavari/Q15404,krishna/Q15382
876,west_godavari/Q15404,khammam/Q15371
877,bhadradri_kothagudem/Q28169767,mahabubabad/Q28169761
878,khammam/Q15371,krishna/Q15382
879,khammam/Q15371,suryapet/Q28169770
880,krishna/Q15382,suryapet/Q28169770
881,krishna/Q15382,guntur/Q15341
882,mahabubabad/Q28169761,jangaon/Q28170170
883,suryapet/Q28169770,jangaon/Q28170170
884,suryapet/Q28169770,nalgonda/Q15384
885,suryapet/Q28169770,yadadri_bhuvanagiri/Q28169764
886,guntur/Q15341,prakasam/Q15390
887,karimnagar/Q15373,peddapalli/Q27614797
888,warangal_urban/Q213077,jangaon/Q28170170
889,siddipet/Q28169756,jangaon/Q28170170
890,peddapalli/Q27614797,jagtial/Q28169780
891,jagtial/Q28169780,rajanna_sircilla/Q28172781
892,warangal_rural/Q28169759,jangaon/Q28170170
893,jangaon/Q28170170,yadadri_bhuvanagiri/Q28169764
894,medak/Q15386,medchal–malkajgiri/Q27614841
895,medchal–malkajgiri/Q27614841,hyderabad/Q15340
896,rangareddy/Q15388,hyderabad/Q15340
897,nalgonda/Q15384,nagarkurnool/Q28169773
898,mahabubnagar/Q15380,wanaparthy/Q28172504
899,nagarkurnool/Q28169773,wanaparthy/Q28172504
900,prakasam/Q15390,y.s.r._kadapa/Q15342
901,south_salmara-mankachar/Q24907599,west_garo_hills/Q2329181
902,south_salmara-mankachar/Q24907599,south_west_garo_hills/Q15961576
903,west_garo_hills/Q2329181,east_garo_hills/Q2085455
904,nagaon/Q42686,west_karbi_anglong/Q24949218
905,nagaon/Q42686,golaghat/Q42517
906,nagaon/Q42686,hojai/Q24699407
907,nagaon/Q42686,east_karbi_anglong/Q42558
908,west_karbi_anglong/Q24949218,west_jaintia_hills/Q1920789
909,west_karbi_anglong/Q24949218,dima_hasao_district/Q42774
910,east_karbi_anglong/Q42558,dimapur/Q634262
911,east_karbi_anglong/Q42558,peren/Q516294
912,dima_hasao_district/Q42774,cachar/Q42209
913,dima_hasao_district/Q42774,east_jaintia_hills/Q15923776
914,dima_hasao_district/Q42774,tamenglong/Q2301717
915,golaghat/Q42517,kohima/Q953530
916,golaghat/Q42517,majuli/Q28110729
917,golaghat/Q42517,lakhimpur/Q42743
918,golaghat/Q42517,wokha/Q681821
919,golaghat/Q42517,jorhat/Q42611
920,dimapur/Q634262,peren/Q516294
921,peren/Q516294,senapati/Q2301706
922,cachar/Q42209,east_jaintia_hills/Q15923776
923,cachar/Q42209,kolasib/Q1947343
924,cachar/Q42209,pherzawl/Q28173809
925,cachar/Q42209,karimganj/Q42542
926,cachar/Q42209,jiribam/Q28419387
927,cachar/Q42209,aizawl/Q1947322
928,cachar/Q42209,hailakandi/Q42505
929,west_jaintia_hills/Q1920789,east_jaintia_hills/Q15923776
930,tamenglong/Q2301717,senapati/Q2301706
931,tamenglong/Q2301717,noney/Q28419389
932,tamenglong/Q2301717,kangpokpi/Q28419386
933,hailakandi/Q42505,mamit/Q751531
934,karimganj/Q42542,mamit/Q751531
935,karimganj/Q42542,north_tripura/Q1920978
936,kolasib/Q1947343,mamit/Q751531
937,jiribam/Q28419387,pherzawl/Q28173809
938,pherzawl/Q28173809,churachandpur/Q2577281
939,pherzawl/Q28173809,champhai/Q1965256
940,bishwanath/Q28110722,papum_pare/Q15432
941,mamit/Q751531,north_tripura/Q1920978
942,mamit/Q751531,lunglei/Q1947352
943,north_tripura/Q1920978,unokoti/Q16087996
944,north_tripura/Q1920978,dhalai/Q2086546
945,pakke_kessang/None,east_kameng/Q15424
946,jorhat/Q42611,mokokchung/Q2175311
947,jorhat/Q42611,sivasagar/Q42768
948,lakhimpur/Q42743,kamle/Q48731073
949,lakhimpur/Q42743,dhemaji/Q42473
950,lakhimpur/Q42743,dibrugarh/Q42479
951,kohima/Q953530,senapati/Q2301706
952,kohima/Q953530,phek/Q590882
953,kohima/Q953530,zunheboto/Q2091461
954,wokha/Q681821,mokokchung/Q2175311
955,majuli/Q28110729,sivasagar/Q42768
956,sivasagar/Q42768,longleng/Q1426783
957,sivasagar/Q42768,charaideo/Q24039029
958,sivasagar/Q42768,mon/Q2339648
959,mokokchung/Q2175311,longleng/Q1426783
960,mokokchung/Q2175311,tuensang/Q2571393
961,dhemaji/Q42473,lower_siang/Q13602925
962,dhemaji/Q42473,dibang valley/Q154456
963,dhemaji/Q42473,east_siang/Q15419
964,dhemaji/Q42473,tinsukia/Q42756
965,dibrugarh/Q42479,longding/Q5627568
966,dibrugarh/Q42479,tirap/Q15448
967,papum_pare/Q15432,kamle/Q48731073
968,papum_pare/Q15432,kra_daadi/Q21018627
969,papum_pare/Q15432,kurung_kumey/Q2449506
970,papum_pare/Q15432,lower_subansiri/Q15436
971,kamle/Q48731073,lower_siang/Q13602925
972,kamle/Q48731073,upper_subansiri/Q15464
973,tinsukia/Q42756,tirap/Q15448
974,tinsukia/Q42756,namsai/Q21559824
975,tinsukia/Q42756,lohit/Q15438
976,tinsukia/Q42756,changlang/Q15427
977,east_siang/Q15419,lower_siang/Q13602925
978,east_siang/Q15419,upper_siang/Q15465
979,east_siang/Q15419,siang/Q18642331
980,lower_siang/Q13602925,west_siang/Q15453
981,lower_siang/Q13602925,lepa_rada/Q63563632
982,changlang/Q15427,tirap/Q15448
983,changlang/Q15427,anjaw/Q15413
984,lohit/Q15438,anjaw/Q15413
985,tirap/Q15448,longding/Q5627568
986,longding/Q5627568,charaideo/Q24039029
987,charaideo/Q24039029,mon/Q2339648
988,mon/Q2339648,longleng/Q1426783
989,mon/Q2339648,noklak/Q48731903
990,longleng/Q1426783,tuensang/Q2571393
991,dhalai/Q2086546,unokoti/Q16087996
992,dhalai/Q2086546,khowai/Q16086680
993,dhalai/Q2086546,gomati/Q16086497
994,gomati/Q16086497,south_tripura/Q1822159
995,gomati/Q16086497,sipahijala/Q16086076
996,khowai/Q16086680,west_tripura/Q1947570
997,west_tripura/Q1947570,sipahijala/Q16086076
998,south_tripura/Q1822159,sipahijala/Q16086076
999,east_kameng/Q15424,tawang/Q15449
1000,lower_subansiri/Q15436,kra_daadi/Q21018627
1001,kra_daadi/Q21018627,kurung_kumey/Q2449506
1002,upper_subansiri/Q15464,kurung_kumey/Q2449506
1003,upper_subansiri/Q15464,shi_yomi/Q63563625
1004,west_siang/Q15453,lepa_rada/Q63563632
1005,shi_yomi/Q63563625,upper_siang/Q15465
1006,siang/Q18642331,upper_siang/Q15465
1007,upper_siang/Q15465,dibang valley/Q154456
1008,east_garo_hills/Q2085455,south_garo_hills/Q2329228
1009,south_garo_hills/Q2329228,south_west_khasi_hills/Q15923741
1010,south_west_khasi_hills/Q15923741,east_khasi_hills/Q1945304
1011,east_khasi_hills/Q1945304,ri bhoi/Q1884672
1012,churachandpur/Q2577281,kakching/Q28173825
1013,churachandpur/Q2577281,bishnupur/Q938190
1014,churachandpur/Q2577281,chandel/Q2301769
1015,bishnupur/Q938190,imphal_west/Q1822188
1016,chandel/Q2301769,tengnoupal/Q28419388
1017,noney/Q28419389,kangpokpi/Q28419386
1018,kakching/Q28173825,imphal_west/Q1822188
1019,kakching/Q28173825,thoubal/Q2086198
1020,imphal_east/Q1916666,imphal_west/Q1822188
1021,imphal_west/Q1822188,kangpokpi/Q28419386
1022,thoubal/Q2086198,tengnoupal/Q28419388
1023,kangpokpi/Q28419386,senapati/Q2301706
1024,kangpokpi/Q28419386,kamjong/Q28419390
1025,kangpokpi/Q28419386,ukhrul/Q735101
1026,senapati/Q2301706,phek/Q590882
1027,ukhrul/Q735101,kamjong/Q28419390
1028,phek/Q590882,zunheboto/Q2091461
1029,phek/Q590882,kiphire/Q2597908
1030,tengnoupal/Q28419388,kamjong/Q28419390
1031,zunheboto/Q2091461,kiphire/Q2597908
1032,kiphire/Q2597908,tuensang/Q2571393
1033,tuensang/Q2571393,noklak/Q48731903
1034,lawngtlai/Q2086209,lunglei/Q1947352
1035,lawngtlai/Q2086209,saiha/Q1821714
1036,lunglei/Q1947352,serchhip/Q2086190
1037,serchhip/Q2086190,aizawl/Q1947322
1038,champhai/Q1965256,aizawl/Q1947322
1039,south_24_parganas/Q2308319,kolkata/Q1348
1040,diu/Q631849,gir_somnath/Q15244465
1041,ferozepur/Q172385,sri_muktsar_sahib/Q1947359
1042,angul/Q1772807,boudh/Q2363639
1043,bametara/Q16254159,kabeerdham/Q2450255
1044,baramulla/Q1912057,budgam/Q2594218
1045,budgam/Q2594218,shopiyan/Q2073646
1046,boudh/Q2363639,subarnapur/Q1473957
1047,fatehgarh_sahib/Q172485,s.a.s._nagar/Q2037672
1048,pathanamthitta/Q634935,tirunelveli/Q15200
1049,purulia/Q307474,east_singhbhum/Q2452921
1050,jalore/Q1460832,banaskantha/Q806125
1051,lahaul_and_spiti/Q837595,leh/Q1921210
1052,sant_kabir_nagar/Q1945445,siddharthnagar/Q1815339
1053,maharajganj/Q1356139,west_champaran/Q100124
1054,nandurbar/Q1623525,narmada/Q1797230
1055,jhunjhunu/Q1471427,bhiwani/Q1852857
1056,ahmedabad/Q401686,anand/Q485683
1057,ahmedabad/Q401686,bhavnagar/Q854963
1058,ahmedabad/Q401686,gandhinagar/Q1772860
1059,ahmedabad/Q401686,kheda/Q1755463
1060,amreli/Q257946,junagadh/Q1797344
1061,anand/Q485683,vadodara/Q578285
1062,anantapur/Q15212,y.s.r._kadapa/Q15342
1063,anantapur/Q15212,tumakuru/Q1301635
1064,aravalli/Q12175285,sabarkantha/Q1772856
1065,ariyalur/Q15112,tiruchirappalli/Q15201
1066,ariyalur/Q15112,thanjavur/Q15194
1067,bagalkote/Q1910231,raichur/Q1430830
1068,bengaluru_urban/Q806463,ramanagara/Q427679
1069,bengaluru_rural/Q806464,kolar/Q2509866
1070,bharuch/Q854900,vadodara/Q578285
1071,bhavnagar/Q854963,botad/Q14505072
1072,botad/Q14505072,surendranagar/Q237535
1073,chamarajanagara/Q862912,mysuru/Q591781
1074,chamarajanagara/Q862912,mandya/Q2768290
1075,chennai/Q15116,kancheepuram/Q15157
1076,chhota_udaipur/Q5979243,vadodara/Q578285
1077,chhota_udaipur/Q5979243,panchmahal/Q1781463
1078,chikkaballapura/Q1072629,kolar/Q2509866
1079,banaskantha/Q806125,sabarkantha/Q1772856
1080,belagavi/Q815464,vijayapura/Q1722370
1081,chikkamagaluru/Q743077,shivamogga/Q2981389
1082,chitradurga/Q165264,tumakuru/Q1301635
1083,coimbatore/Q15136,erode/Q15155
1084,cuddalore/Q15150,puducherry/Q984035
1085,dahod/Q186518,panchmahal/Q1781463
1086,dang/Q1135616,tapi/Q670165
1087,davanagere/Q1863214,shivamogga/Q2981389
1088,devbhumi_dwarka/Q14594717,porbandar/Q1772815
1089,dharmapuri/Q15152,erode/Q15155
1090,dharwad/Q1790904,gadag/Q2353931
1091,dindigul/Q15154,madurai/Q15184
1092,east_champaran/Q49159,west_champaran/Q100124
1093,east_singhbhum/Q2452921,saraikela-kharsawan/Q2362658
1094,theni/Q15196,madurai/Q15184
1095,kheda/Q1755463,vadodara/Q578285
1096,karur/Q15182,erode/Q15155
1097,karur/Q15182,namakkal/Q15187
1098,bidar/Q1790568,kalaburagi/Q2641873
1099,erode/Q15155,nilgiris/Q15188
1100,gadag/Q2353931,haveri/Q765481
1101,gandhinagar/Q1772860,sabarkantha/Q1772856
1102,gir_somnath/Q15244465,junagadh/Q1797344
1103,hassan/Q956732,mysuru/Q591781
1104,haveri/Q765481,shivamogga/Q2981389
1105,jamnagar/Q2982118,morbi/Q5979727
1106,junagadh/Q1797344,porbandar/Q1772815
1107,kalaburagi/Q2641873,vijayapura/Q1722370
1108,kancheepuram/Q15157,tiruvannamalai/Q15207
1109,kannur/Q2980652,kasaragod/Q1419703
1110,kanyakumari/Q15158,tirunelveli/Q15200
1111,kargil/Q1650798,leh/Q1921210
1112,koppal/Q956387,raichur/Q1430830
1113,kutch/Q1063417,surendranagar/Q237535
1114,madurai/Q15184,sivaganga/Q15195
1115,mahisagar/Q5706885,panchmahal/Q1781463
1116,mandya/Q2768290,mysuru/Q591781
1117,mehsana/Q2019694,sabarkantha/Q1772856
1118,morbi/Q5979727,surendranagar/Q237535
1119,nagapattinam/Q15185,thiruvarur/Q15197
1120,namakkal/Q15187,salem/Q15192
1121,narmada/Q1797230,vadodara/Q578285
1122,navsari/Q1797349,tapi/Q670165
1123,nilgiris/Q15188,palakkad/Q1535742
1124,panchmahal/Q1781463,vadodara/Q578285
1125,perambalur/Q15186,tiruchirappalli/Q15201
1126,puducherry/Q984035,viluppuram/Q15205
1127,pudukkottai/Q15190,tiruchirappalli/Q15201
1128,pudukkottai/Q15190,ramanathapuram/Q15191
1129,raichur/Q1430830,vijayapura/Q1722370
1130,ramanagara/Q427679,tumakuru/Q1301635
1131,ramanathapuram/Q15191,thoothukudi/Q15198
1132,s.p.s._nellore/Q15383,y.s.r._kadapa/Q15342
1133,salem/Q15192,tiruchirappalli/Q15201
1134,sangli/Q1425060,vijayapura/Q1722370
1135,saraikela-kharsawan/Q2362658,west_singhbhum/Q1950527
1136,shivamogga/Q2981389,udupi/Q1483337
1137,sivaganga/Q15195,virudhunagar/Q15209
1138,tawang/Q15449,west_kameng/Q15459
1139,thanjavur/Q15194,tiruchirappalli/Q15201
1140,thiruvallur/Q15204,vellore/Q15206
1141,thoothukudi/Q15198,virudhunagar/Q15209
1142,tirunelveli/Q15200,virudhunagar/Q15209
1143,tiruvannamalai/Q15207,vellore/Q15206
1144,yadagir/Q1786949,vijayapura/Q1722370
1145,mumbai/Q2595374,mumbai/Q2595374
1146,delhi/Q549852,delhi/Q549852
1147,dibang valley/Q154456,dibang valley/Q154456
1148,ribhoi/Q1884672,west_jaintia_hills/Q1920789
